{
  "timestamp": "2026-05-10T12:47:40.267654+00:00",
  "gpu": "NVIDIA GeForce RTX 4090 D",
  "ensemble": "nvt_nh",
  "system": "/home/zhenghaowu/fastMD/data/input_000_minimized.data",
  "n_atoms": 30000,
  "nsteps": 100000,
  "fastMD": {
    "wall_time_s": 12.12,
    "ns_per_day": 713148.15
  },
  "lammps": {
    "wall_time_s": 131.08,
    "ns_per_day": 65913.13
  },
  "speedup": 10.82,
  "validation": {
    "passed": true,
    "rel_temp_diff": 2.1742200000007816e-05,
    "rel_pe_diff": 6.140747642972913e-05
  }
}
