{
  "timestamp": "2026-05-10T12:50:44.734185+00:00",
  "gpu": "NVIDIA GeForce RTX 4090 D",
  "ensemble": "npt_nh",
  "system": "/home/zhenghaowu/fastMD/data/input_000_minimized.data",
  "n_atoms": 30000,
  "nsteps": 100000,
  "fastMD": {
    "wall_time_s": 15.57,
    "ns_per_day": 554808.78
  },
  "lammps": {
    "wall_time_s": 166.14,
    "ns_per_day": 52003.66
  },
  "speedup": 10.67,
  "validation": {
    "passed": true,
    "rel_temp_diff": 0.025135130800000016,
    "rel_pe_diff": 0.00017593701138794452
  }
}
